name,title,chamber,level,state,party,date_of_birth,birth_year,age,generation,source,generation_short
Maria Cantwell,Senator,Senate,Federal,WA,Democrat,1958-10-13,1958,67,Baby Boom Generation,unitedstates.io,Boomer (1943-1960)
Amy Jean Klobuchar,Senator,Senate,Federal,MN,Democrat,1960-05-25,1960,65,Baby Boom Generation,unitedstates.io,Boomer (1943-1960)
Bernard Sanders,Senator,Senate,Federal,VT,Independent,1941-09-08,1941,84,Silent Generation,unitedstates.io,Silent (1925-1942)
Sheldon Whitehouse,Senator,Senate,Federal,RI,Democrat,1955-10-20,1955,70,Baby Boom Generation,unitedstates.io,Boomer (1943-1960)
John A. Barrasso,Senator,Senate,Federal,WY,Republican,1952-07-21,1952,73,Baby Boom Generation,unitedstates.io,Boomer (1943-1960)
Roger F. Wicker,Senator,Senate,Federal,MS,Republican,1951-07-05,1951,74,Baby Boom Generation,unitedstates.io,Boomer (1943-1960)
Susan M. Collins,Senator,Senate,Federal,ME,Republican,1952-12-07,1952,73,Baby Boom Generation,unitedstates.io,Boomer (1943-1960)
John Cornyn,Senator,Senate,Federal,TX,Republican,1952-02-02,1952,74,Baby Boom Generation,unitedstates.io,Boomer (1943-1960)
Richard J. Durbin,Senator,Senate,Federal,IL,Democrat,1944-11-21,1944,81,Baby Boom Generation,unitedstates.io,Boomer (1943-1960)
Lindsey O. Graham,Senator,Senate,Federal,SC,Republican,1955-07-09,1955,70,Baby Boom Generation,unitedstates.io,Boomer (1943-1960)
Mitch McConnell,Senator,Senate,Federal,KY,Republican,1942-02-20,1942,84,Silent Generation,unitedstates.io,Silent (1925-1942)
Jeff Merkley,Senator,Senate,Federal,OR,Democrat,1956-10-24,1956,69,Baby Boom Generation,unitedstates.io,Boomer (1943-1960)
John F. Reed,Senator,Senate,Federal,RI,Democrat,1949-11-12,1949,76,Baby Boom Generation,unitedstates.io,Boomer (1943-1960)
James E. Risch,Senator,Senate,Federal,ID,Republican,1943-05-03,1943,82,Baby Boom Generation,unitedstates.io,Boomer (1943-1960)
Jeanne Shaheen,Senator,Senate,Federal,NH,Democrat,1947-01-28,1947,79,Baby Boom Generation,unitedstates.io,Boomer (1943-1960)
Mark R. Warner,Senator,Senate,Federal,VA,Democrat,1954-12-15,1954,71,Baby Boom Generation,unitedstates.io,Boomer (1943-1960)
Kirsten E. Gillibrand,Senator,Senate,Federal,NY,Democrat,1966-12-09,1966,59,Gen X (13ers),unitedstates.io,Gen X (1961-1981)
Christopher Andrew Coons,Senator,Senate,Federal,DE,Democrat,1963-09-09,1963,62,Gen X (13ers),unitedstates.io,Gen X (1961-1981)
Robert B. Aderholt,Representative,House,Federal,AL,Republican,1965-07-22,1965,60,Gen X (13ers),unitedstates.io,Gen X (1961-1981)
Tammy Baldwin,Senator,Senate,Federal,WI,Democrat,1962-02-11,1962,64,Gen X (13ers),unitedstates.io,Gen X (1961-1981)
Michael F. Bennet,Senator,Senate,Federal,CO,Democrat,1964-11-28,1964,61,Gen X (13ers),unitedstates.io,Gen X (1961-1981)
Gus M. Bilirakis,Representative,House,Federal,FL,Republican,1963-02-08,1963,63,Gen X (13ers),unitedstates.io,Gen X (1961-1981)
Sanford D. Bishop,Representative,House,Federal,GA,Democrat,1947-02-04,1947,79,Baby Boom Generation,unitedstates.io,Boomer (1943-1960)
Marsha W. Blackburn,Senator,Senate,Federal,TN,Republican,1952-06-06,1952,73,Baby Boom Generation,unitedstates.io,Boomer (1943-1960)
Richard Blumenthal,Senator,Senate,Federal,CT,Democrat,1946-02-13,1946,80,Baby Boom Generation,unitedstates.io,Boomer (1943-1960)
John Boozman,Senator,Senate,Federal,AR,Republican,1950-12-10,1950,75,Baby Boom Generation,unitedstates.io,Boomer (1943-1960)
Vern Buchanan,Representative,House,Federal,FL,Republican,1951-05-08,1951,74,Baby Boom Generation,unitedstates.io,Boomer (1943-1960)
Ken S. Calvert,Representative,House,Federal,CA,Republican,1953-06-08,1953,72,Baby Boom Generation,unitedstates.io,Boomer (1943-1960)
Shelley Moore Capito,Senator,Senate,Federal,WV,Republican,1953-11-26,1953,72,Baby Boom Generation,unitedstates.io,Boomer (1943-1960)
André Carson,Representative,House,Federal,IN,Democrat,1974-10-16,1974,51,Gen X (13ers),unitedstates.io,Gen X (1961-1981)
John R. Carter,Representative,House,Federal,TX,Republican,1941-11-06,1941,84,Silent Generation,unitedstates.io,Silent (1925-1942)
Bill Cassidy,Senator,Senate,Federal,LA,Republican,1957-09-28,1957,68,Baby Boom Generation,unitedstates.io,Boomer (1943-1960)
Kathy Castor,Representative,House,Federal,FL,Democrat,1966-08-20,1966,59,Gen X (13ers),unitedstates.io,Gen X (1961-1981)
Judy M. Chu,Representative,House,Federal,CA,Democrat,1953-07-07,1953,72,Baby Boom Generation,unitedstates.io,Boomer (1943-1960)
Yvette D. Clarke,Representative,House,Federal,NY,Democrat,1964-11-21,1964,61,Gen X (13ers),unitedstates.io,Gen X (1961-1981)
Emanuel Cleaver,Representative,House,Federal,MO,Democrat,1944-10-26,1944,81,Baby Boom Generation,unitedstates.io,Boomer (1943-1960)
James E. Clyburn,Representative,House,Federal,SC,Democrat,1940-07-21,1940,85,Silent Generation,unitedstates.io,Silent (1925-1942)
Steve Cohen,Representative,House,Federal,TN,Democrat,1949-05-24,1949,76,Baby Boom Generation,unitedstates.io,Boomer (1943-1960)
Tom Cole,Representative,House,Federal,OK,Republican,1949-04-28,1949,76,Baby Boom Generation,unitedstates.io,Boomer (1943-1960)
Jim Costa,Representative,House,Federal,CA,Democrat,1952-04-13,1952,73,Baby Boom Generation,unitedstates.io,Boomer (1943-1960)
Joe Courtney,Representative,House,Federal,CT,Democrat,1953-04-06,1953,72,Baby Boom Generation,unitedstates.io,Boomer (1943-1960)
Michael D. Crapo,Senator,Senate,Federal,ID,Republican,1951-05-20,1951,74,Baby Boom Generation,unitedstates.io,Boomer (1943-1960)
Eric A. Crawford,Representative,House,Federal,AR,Republican,1966-01-22,1966,60,Gen X (13ers),unitedstates.io,Gen X (1961-1981)
Henry Cuellar,Representative,House,Federal,TX,Democrat,1955-09-19,1955,70,Baby Boom Generation,unitedstates.io,Boomer (1943-1960)
Danny K. Davis,Representative,House,Federal,IL,Democrat,1941-09-06,1941,84,Silent Generation,unitedstates.io,Silent (1925-1942)
Diana L. DeGette,Representative,House,Federal,CO,Democrat,1957-07-29,1957,68,Baby Boom Generation,unitedstates.io,Boomer (1943-1960)
Rosa L. DeLauro,Representative,House,Federal,CT,Democrat,1943-03-02,1943,82,Baby Boom Generation,unitedstates.io,Boomer (1943-1960)
Scott DesJarlais,Representative,House,Federal,TN,Republican,1964-02-21,1964,62,Gen X (13ers),unitedstates.io,Gen X (1961-1981)
Mario Diaz-Balart,Representative,House,Federal,FL,Republican,1961-09-25,1961,64,Gen X (13ers),unitedstates.io,Gen X (1961-1981)
Lloyd A. Doggett,Representative,House,Federal,TX,Democrat,1946-10-06,1946,79,Baby Boom Generation,unitedstates.io,Boomer (1943-1960)
Charles J. Fleischmann,Representative,House,Federal,TN,Republican,1962-10-11,1962,63,Gen X (13ers),unitedstates.io,Gen X (1961-1981)
Virginia Foxx,Representative,House,Federal,NC,Republican,1943-06-29,1943,82,Baby Boom Generation,unitedstates.io,Boomer (1943-1960)
John Garamendi,Representative,House,Federal,CA,Democrat,1945-01-24,1945,81,Baby Boom Generation,unitedstates.io,Boomer (1943-1960)
Paul A. Gosar,Representative,House,Federal,AZ,Republican,1958-11-22,1958,67,Baby Boom Generation,unitedstates.io,Boomer (1943-1960)
Charles E. Grassley,Senator,Senate,Federal,IA,Republican,1933-09-17,1933,92,Silent Generation,unitedstates.io,Silent (1925-1942)
Sam B. Graves,Representative,House,Federal,MO,Republican,1963-11-07,1963,62,Gen X (13ers),unitedstates.io,Gen X (1961-1981)
Al Green,Representative,House,Federal,TX,Democrat,1947-09-01,1947,78,Baby Boom Generation,unitedstates.io,Boomer (1943-1960)
H. Morgan Griffith,Representative,House,Federal,VA,Republican,1958-03-15,1958,67,Baby Boom Generation,unitedstates.io,Boomer (1943-1960)
Brett Guthrie,Representative,House,Federal,KY,Republican,1964-02-18,1964,62,Gen X (13ers),unitedstates.io,Gen X (1961-1981)
Andy Harris,Representative,House,Federal,MD,Republican,1957-01-25,1957,69,Baby Boom Generation,unitedstates.io,Boomer (1943-1960)
Martin Heinrich,Senator,Senate,Federal,NM,Democrat,1971-10-17,1971,54,Gen X (13ers),unitedstates.io,Gen X (1961-1981)
James A. Himes,Representative,House,Federal,CT,Democrat,1966-07-05,1966,59,Gen X (13ers),unitedstates.io,Gen X (1961-1981)
Mazie K. Hirono,Senator,Senate,Federal,HI,Democrat,1947-11-03,1947,78,Baby Boom Generation,unitedstates.io,Boomer (1943-1960)
John Hoeven,Senator,Senate,Federal,ND,Republican,1957-03-13,1957,68,Baby Boom Generation,unitedstates.io,Boomer (1943-1960)
Steny H. Hoyer,Representative,House,Federal,MD,Democrat,1939-06-14,1939,86,Silent Generation,unitedstates.io,Silent (1925-1942)
Bill Huizenga,Representative,House,Federal,MI,Republican,1969-01-31,1969,57,Gen X (13ers),unitedstates.io,Gen X (1961-1981)
Henry C. Johnson,Representative,House,Federal,GA,Democrat,1954-10-02,1954,71,Baby Boom Generation,unitedstates.io,Boomer (1943-1960)
Ron Johnson,Senator,Senate,Federal,WI,Republican,1955-04-08,1955,70,Baby Boom Generation,unitedstates.io,Boomer (1943-1960)
Jim Jordan,Representative,House,Federal,OH,Republican,1964-02-17,1964,62,Gen X (13ers),unitedstates.io,Gen X (1961-1981)
Marcy Kaptur,Representative,House,Federal,OH,Democrat,1946-06-17,1946,79,Baby Boom Generation,unitedstates.io,Boomer (1943-1960)
William R. Keating,Representative,House,Federal,MA,Democrat,1952-09-06,1952,73,Baby Boom Generation,unitedstates.io,Boomer (1943-1960)
Mike Kelly,Representative,House,Federal,PA,Republican,1948-05-10,1948,77,Baby Boom Generation,unitedstates.io,Boomer (1943-1960)
James Lankford,Senator,Senate,Federal,OK,Republican,1968-03-04,1968,57,Gen X (13ers),unitedstates.io,Gen X (1961-1981)
Rick Larsen,Representative,House,Federal,WA,Democrat,1965-06-15,1965,60,Gen X (13ers),unitedstates.io,Gen X (1961-1981)
John B. Larson,Representative,House,Federal,CT,Democrat,1948-07-22,1948,77,Baby Boom Generation,unitedstates.io,Boomer (1943-1960)
Robert E. Latta,Representative,House,Federal,OH,Republican,1956-04-18,1956,69,Baby Boom Generation,unitedstates.io,Boomer (1943-1960)
Mike Lee,Senator,Senate,Federal,UT,Republican,1971-06-04,1971,54,Gen X (13ers),unitedstates.io,Gen X (1961-1981)
Zoe Lofgren,Representative,House,Federal,CA,Democrat,1947-12-21,1947,78,Baby Boom Generation,unitedstates.io,Boomer (1943-1960)
Frank D. Lucas,Representative,House,Federal,OK,Republican,1960-01-06,1960,66,Baby Boom Generation,unitedstates.io,Boomer (1943-1960)
Ben Ray Luján,Senator,Senate,Federal,NM,Democrat,1972-06-07,1972,53,Gen X (13ers),unitedstates.io,Gen X (1961-1981)
Stephen F. Lynch,Representative,House,Federal,MA,Democrat,1955-03-31,1955,70,Baby Boom Generation,unitedstates.io,Boomer (1943-1960)
Edward J. Markey,Senator,Senate,Federal,MA,Democrat,1946-07-11,1946,79,Baby Boom Generation,unitedstates.io,Boomer (1943-1960)
Doris O. Matsui,Representative,House,Federal,CA,Democrat,1944-09-25,1944,81,Baby Boom Generation,unitedstates.io,Boomer (1943-1960)
Michael T. McCaul,Representative,House,Federal,TX,Republican,1962-01-14,1962,64,Gen X (13ers),unitedstates.io,Gen X (1961-1981)
Tom McClintock,Representative,House,Federal,CA,Republican,1956-07-10,1956,69,Baby Boom Generation,unitedstates.io,Boomer (1943-1960)
Betty Louise McCollum,Representative,House,Federal,MN,Democrat,1954-07-12,1954,71,Baby Boom Generation,unitedstates.io,Boomer (1943-1960)
James P. McGovern,Representative,House,Federal,MA,Democrat,1959-11-20,1959,66,Baby Boom Generation,unitedstates.io,Boomer (1943-1960)
Gregory W. Meeks,Representative,House,Federal,NY,Democrat,1953-09-25,1953,72,Baby Boom Generation,unitedstates.io,Boomer (1943-1960)
Gwen Moore,Representative,House,Federal,WI,Democrat,1951-04-18,1951,74,Baby Boom Generation,unitedstates.io,Boomer (1943-1960)
Jerry Moran,Senator,Senate,Federal,KS,Republican,1954-05-29,1954,71,Baby Boom Generation,unitedstates.io,Boomer (1943-1960)
Lisa A. Murkowski,Senator,Senate,Federal,AK,Republican,1957-05-22,1957,68,Baby Boom Generation,unitedstates.io,Boomer (1943-1960)
Christopher S. Murphy,Senator,Senate,Federal,CT,Democrat,1973-08-03,1973,52,Gen X (13ers),unitedstates.io,Gen X (1961-1981)
Patty Murray,Senator,Senate,Federal,WA,Democrat,1950-10-11,1950,75,Baby Boom Generation,unitedstates.io,Boomer (1943-1960)
Jerrold L. Nadler,Representative,House,Federal,NY,Democrat,1947-06-13,1947,78,Baby Boom Generation,unitedstates.io,Boomer (1943-1960)
Richard E. Neal,Representative,House,Federal,MA,Democrat,1949-02-14,1949,77,Baby Boom Generation,unitedstates.io,Boomer (1943-1960)
Eleanor Holmes Norton,Representative,House,Federal,DC,Democrat,1937-06-13,1937,88,Silent Generation,unitedstates.io,Silent (1925-1942)
Frank J. Pallone,Representative,House,Federal,NJ,Democrat,1951-10-30,1951,74,Baby Boom Generation,unitedstates.io,Boomer (1943-1960)
Rand Paul,Senator,Senate,Federal,KY,Republican,1963-01-07,1963,63,Gen X (13ers),unitedstates.io,Gen X (1961-1981)
Nancy Pelosi,Representative,House,Federal,CA,Democrat,1940-03-26,1940,85,Silent Generation,unitedstates.io,Silent (1925-1942)
Gary C. Peters,Senator,Senate,Federal,MI,Democrat,1958-12-01,1958,67,Baby Boom Generation,unitedstates.io,Boomer (1943-1960)
Chellie Pingree,Representative,House,Federal,ME,Democrat,1955-04-02,1955,70,Baby Boom Generation,unitedstates.io,Boomer (1943-1960)
Mike Quigley,Representative,House,Federal,IL,Democrat,1958-10-17,1958,67,Baby Boom Generation,unitedstates.io,Boomer (1943-1960)
Harold Rogers,Representative,House,Federal,KY,Republican,1937-12-31,1937,88,Silent Generation,unitedstates.io,Silent (1925-1942)
Mike Rogers,Representative,House,Federal,AL,Republican,1958-07-16,1958,67,Baby Boom Generation,unitedstates.io,Boomer (1943-1960)
Steve Joseph Scalise,Representative,House,Federal,LA,Republican,1965-10-06,1965,60,Gen X (13ers),unitedstates.io,Gen X (1961-1981)
Janice D. Schakowsky,Representative,House,Federal,IL,Democrat,1944-05-26,1944,81,Baby Boom Generation,unitedstates.io,Boomer (1943-1960)
Adam B. Schiff,Senator,Senate,Federal,CA,Democrat,1960-06-22,1960,65,Baby Boom Generation,unitedstates.io,Boomer (1943-1960)
Charles E. Schumer,Senator,Senate,Federal,NY,Democrat,1950-11-23,1950,75,Baby Boom Generation,unitedstates.io,Boomer (1943-1960)
David Schweikert,Representative,House,Federal,AZ,Republican,1962-03-03,1962,63,Gen X (13ers),unitedstates.io,Gen X (1961-1981)
Austin Scott,Representative,House,Federal,GA,Republican,1969-12-10,1969,56,Gen X (13ers),unitedstates.io,Gen X (1961-1981)
David Scott,Representative,House,Federal,GA,Democrat,1945-06-27,1945,80,Baby Boom Generation,unitedstates.io,Boomer (1943-1960)
Robert C. Scott,Representative,House,Federal,VA,Democrat,1947-04-30,1947,78,Baby Boom Generation,unitedstates.io,Boomer (1943-1960)
Tim Scott,Senator,Senate,Federal,SC,Republican,1965-09-19,1965,60,Gen X (13ers),unitedstates.io,Gen X (1961-1981)
Terri A. Sewell,Representative,House,Federal,AL,Democrat,1965-01-01,1965,61,Gen X (13ers),unitedstates.io,Gen X (1961-1981)
Brad J. Sherman,Representative,House,Federal,CA,Democrat,1954-10-24,1954,71,Baby Boom Generation,unitedstates.io,Boomer (1943-1960)
Michael K. Simpson,Representative,House,Federal,ID,Republican,1950-09-08,1950,75,Baby Boom Generation,unitedstates.io,Boomer (1943-1960)
Adam Smith,Representative,House,Federal,WA,Democrat,1965-06-15,1965,60,Gen X (13ers),unitedstates.io,Gen X (1961-1981)
Adrian Smith,Representative,House,Federal,NE,Republican,1970-12-19,1970,55,Gen X (13ers),unitedstates.io,Gen X (1961-1981)
Christopher H. Smith,Representative,House,Federal,NJ,Republican,1953-03-04,1953,72,Baby Boom Generation,unitedstates.io,Boomer (1943-1960)
Linda T. Sánchez,Representative,House,Federal,CA,Democrat,1969-01-28,1969,57,Gen X (13ers),unitedstates.io,Gen X (1961-1981)
Bennie G. Thompson,Representative,House,Federal,MS,Democrat,1948-01-28,1948,78,Baby Boom Generation,unitedstates.io,Boomer (1943-1960)
Mike Michael Thompson,Representative,House,Federal,CA,Democrat,1951-01-24,1951,75,Baby Boom Generation,unitedstates.io,Boomer (1943-1960)
Glenn Thompson,Representative,House,Federal,PA,Republican,1959-07-27,1959,66,Baby Boom Generation,unitedstates.io,Boomer (1943-1960)
John Thune,Senator,Senate,Federal,SD,Republican,1961-01-07,1961,65,Gen X (13ers),unitedstates.io,Gen X (1961-1981)
Paul Tonko,Representative,House,Federal,NY,Democrat,1949-06-18,1949,76,Baby Boom Generation,unitedstates.io,Boomer (1943-1960)
Michael R. Turner,Representative,House,Federal,OH,Republican,1960-01-11,1960,66,Baby Boom Generation,unitedstates.io,Boomer (1943-1960)
Chris Van Hollen,Senator,Senate,Federal,MD,Democrat,1959-01-10,1959,67,Baby Boom Generation,unitedstates.io,Boomer (1943-1960)
Nydia M. Velázquez,Representative,House,Federal,NY,Democrat,1953-03-28,1953,72,Baby Boom Generation,unitedstates.io,Boomer (1943-1960)
Tim Walberg,Representative,House,Federal,MI,Republican,1951-04-12,1951,74,Baby Boom Generation,unitedstates.io,Boomer (1943-1960)
Debbie Wasserman Schultz,Representative,House,Federal,FL,Democrat,1966-09-27,1966,59,Gen X (13ers),unitedstates.io,Gen X (1961-1981)
Maxine Waters,Representative,House,Federal,CA,Democrat,1938-08-15,1938,87,Silent Generation,unitedstates.io,Silent (1925-1942)
Daniel Webster,Representative,House,Federal,FL,Republican,1949-04-27,1949,76,Baby Boom Generation,unitedstates.io,Boomer (1943-1960)
Peter Welch,Senator,Senate,Federal,VT,Democrat,1947-05-02,1947,78,Baby Boom Generation,unitedstates.io,Boomer (1943-1960)
Joe G. Wilson,Representative,House,Federal,SC,Republican,1947-07-31,1947,78,Baby Boom Generation,unitedstates.io,Boomer (1943-1960)
Frederica S. Wilson,Representative,House,Federal,FL,Democrat,1942-11-05,1942,83,Silent Generation,unitedstates.io,Silent (1925-1942)
Robert J. Wittman,Representative,House,Federal,VA,Republican,1959-02-03,1959,67,Baby Boom Generation,unitedstates.io,Boomer (1943-1960)
Steve Womack,Representative,House,Federal,AR,Republican,1957-02-18,1957,69,Baby Boom Generation,unitedstates.io,Boomer (1943-1960)
Ron Wyden,Senator,Senate,Federal,OR,Democrat,1949-05-03,1949,76,Baby Boom Generation,unitedstates.io,Boomer (1943-1960)
Todd C. Young,Senator,Senate,Federal,IN,Republican,1972-08-24,1972,53,Gen X (13ers),unitedstates.io,Gen X (1961-1981)
Mark E. Amodei,Representative,House,Federal,NV,Republican,1958-06-12,1958,67,Baby Boom Generation,unitedstates.io,Boomer (1943-1960)
Suzanne Bonamici,Representative,House,Federal,OR,Democrat,1954-10-14,1954,71,Baby Boom Generation,unitedstates.io,Boomer (1943-1960)
Suzan K. DelBene,Representative,House,Federal,WA,Democrat,1962-02-17,1962,64,Gen X (13ers),unitedstates.io,Gen X (1961-1981)
Thomas Massie,Representative,House,Federal,KY,Republican,1971-01-13,1971,55,Gen X (13ers),unitedstates.io,Gen X (1961-1981)
Brian Emanuel Schatz,Senator,Senate,Federal,HI,Democrat,1972-10-20,1972,53,Gen X (13ers),unitedstates.io,Gen X (1961-1981)
Bill Foster,Representative,House,Federal,IL,Democrat,1955-10-07,1955,70,Baby Boom Generation,unitedstates.io,Boomer (1943-1960)
Dina Titus,Representative,House,Federal,NV,Democrat,1950-05-23,1950,75,Baby Boom Generation,unitedstates.io,Boomer (1943-1960)
Tom Cotton,Senator,Senate,Federal,AR,Republican,1977-05-13,1977,48,Gen X (13ers),unitedstates.io,Gen X (1961-1981)
Jared Huffman,Representative,House,Federal,CA,Democrat,1964-02-18,1964,62,Gen X (13ers),unitedstates.io,Gen X (1961-1981)
Ami Bera,Representative,House,Federal,CA,Democrat,1965-03-02,1965,60,Gen X (13ers),unitedstates.io,Gen X (1961-1981)
Eric Swalwell,Representative,House,Federal,CA,Democrat,1980-11-16,1980,45,Gen X (13ers),unitedstates.io,Gen X (1961-1981)
Julia Brownley,Representative,House,Federal,CA,Democrat,1952-08-28,1952,73,Baby Boom Generation,unitedstates.io,Boomer (1943-1960)
Raul Ruiz,Representative,House,Federal,CA,Democrat,1972-08-25,1972,53,Gen X (13ers),unitedstates.io,Gen X (1961-1981)
Mark Takano,Representative,House,Federal,CA,Democrat,1960-12-10,1960,65,Baby Boom Generation,unitedstates.io,Boomer (1943-1960)
Juan Vargas,Representative,House,Federal,CA,Democrat,1961-03-07,1961,64,Gen X (13ers),unitedstates.io,Gen X (1961-1981)
Scott H. Peters,Representative,House,Federal,CA,Democrat,1958-06-17,1958,67,Baby Boom Generation,unitedstates.io,Boomer (1943-1960)
Lois Frankel,Representative,House,Federal,FL,Democrat,1948-05-16,1948,77,Baby Boom Generation,unitedstates.io,Boomer (1943-1960)
Tammy Duckworth,Senator,Senate,Federal,IL,Democrat,1968-03-12,1968,57,Gen X (13ers),unitedstates.io,Gen X (1961-1981)
Garland Barr,Representative,House,Federal,KY,Republican,1973-07-24,1973,52,Gen X (13ers),unitedstates.io,Gen X (1961-1981)
Elizabeth Warren,Senator,Senate,Federal,MA,Democrat,1949-06-22,1949,76,Baby Boom Generation,unitedstates.io,Boomer (1943-1960)
Angus S. King,Senator,Senate,Federal,ME,Independent,1944-03-31,1944,81,Baby Boom Generation,unitedstates.io,Boomer (1943-1960)
Ann Wagner,Representative,House,Federal,MO,Republican,1962-09-13,1962,63,Gen X (13ers),unitedstates.io,Gen X (1961-1981)
Steve Daines,Senator,Senate,Federal,MT,Republican,1962-08-20,1962,63,Gen X (13ers),unitedstates.io,Gen X (1961-1981)
Richard Hudson,Representative,House,Federal,NC,Republican,1971-11-04,1971,54,Gen X (13ers),unitedstates.io,Gen X (1961-1981)
Kevin Cramer,Senator,Senate,Federal,ND,Republican,1961-01-21,1961,65,Gen X (13ers),unitedstates.io,Gen X (1961-1981)
Deb Fischer,Senator,Senate,Federal,NE,Republican,1951-03-01,1951,74,Baby Boom Generation,unitedstates.io,Boomer (1943-1960)
Grace Meng,Representative,House,Federal,NY,Democrat,1975-10-01,1975,50,Gen X (13ers),unitedstates.io,Gen X (1961-1981)
Hakeem S. Jeffries,Representative,House,Federal,NY,Democrat,1970-08-04,1970,55,Gen X (13ers),unitedstates.io,Gen X (1961-1981)
Joyce Beatty,Representative,House,Federal,OH,Democrat,1950-03-12,1950,75,Baby Boom Generation,unitedstates.io,Boomer (1943-1960)
David P. Joyce,Representative,House,Federal,OH,Republican,1957-03-17,1957,68,Baby Boom Generation,unitedstates.io,Boomer (1943-1960)
Markwayne Mullin,Senator,Senate,Federal,OK,Republican,1977-07-26,1977,48,Gen X (13ers),unitedstates.io,Gen X (1961-1981)
Scott Perry,Representative,House,Federal,PA,Republican,1962-05-27,1962,63,Gen X (13ers),unitedstates.io,Gen X (1961-1981)
Ted Cruz,Senator,Senate,Federal,TX,Republican,1970-12-22,1970,55,Gen X (13ers),unitedstates.io,Gen X (1961-1981)
Randy K. Weber,Representative,House,Federal,TX,Republican,1953-07-02,1953,72,Baby Boom Generation,unitedstates.io,Boomer (1943-1960)
Joaquin Castro,Representative,House,Federal,TX,Democrat,1974-09-16,1974,51,Gen X (13ers),unitedstates.io,Gen X (1961-1981)
Roger Williams,Representative,House,Federal,TX,Republican,1949-09-13,1949,76,Baby Boom Generation,unitedstates.io,Boomer (1943-1960)
Marc A. Veasey,Representative,House,Federal,TX,Democrat,1971-01-03,1971,55,Gen X (13ers),unitedstates.io,Gen X (1961-1981)
Timothy Kaine,Senator,Senate,Federal,VA,Democrat,1958-02-26,1958,68,Baby Boom Generation,unitedstates.io,Boomer (1943-1960)
Mark Pocan,Representative,House,Federal,WI,Democrat,1964-08-14,1964,61,Gen X (13ers),unitedstates.io,Gen X (1961-1981)
Robin L. Kelly,Representative,House,Federal,IL,Democrat,1956-04-30,1956,69,Baby Boom Generation,unitedstates.io,Boomer (1943-1960)
Jason T. Smith,Representative,House,Federal,MO,Republican,1980-06-16,1980,45,Gen X (13ers),unitedstates.io,Gen X (1961-1981)
Cory Anthony Booker,Senator,Senate,Federal,NJ,Democrat,1969-04-27,1969,56,Gen X (13ers),unitedstates.io,Gen X (1961-1981)
Katherine M. Clark,Representative,House,Federal,MA,Democrat,1963-07-17,1963,62,Gen X (13ers),unitedstates.io,Gen X (1961-1981)
Donald W. Norcross,Representative,House,Federal,NJ,Democrat,1958-12-13,1958,67,Baby Boom Generation,unitedstates.io,Boomer (1943-1960)
Alma S. Adams,Representative,House,Federal,NC,Democrat,1946-05-27,1946,79,Baby Boom Generation,unitedstates.io,Boomer (1943-1960)
Gary J. Palmer,Representative,House,Federal,AL,Republican,1954-05-14,1954,71,Baby Boom Generation,unitedstates.io,Boomer (1943-1960)
J. French Hill,Representative,House,Federal,AR,Republican,1956-12-05,1956,69,Baby Boom Generation,unitedstates.io,Boomer (1943-1960)
Bruce Westerman,Representative,House,Federal,AR,Republican,1967-11-18,1967,58,Gen X (13ers),unitedstates.io,Gen X (1961-1981)
Ruben Gallego,Senator,Senate,Federal,AZ,Democrat,1979-11-20,1979,46,Gen X (13ers),unitedstates.io,Gen X (1961-1981)
Mark DeSaulnier,Representative,House,Federal,CA,Democrat,1952-03-31,1952,73,Baby Boom Generation,unitedstates.io,Boomer (1943-1960)
Pete Aguilar,Representative,House,Federal,CA,Democrat,1979-06-19,1979,46,Gen X (13ers),unitedstates.io,Gen X (1961-1981)
Ted Lieu,Representative,House,Federal,CA,Democrat,1969-03-29,1969,56,Gen X (13ers),unitedstates.io,Gen X (1961-1981)
Norma J. Torres,Representative,House,Federal,CA,Democrat,1965-04-04,1965,60,Gen X (13ers),unitedstates.io,Gen X (1961-1981)
Earl L. Carter,Representative,House,Federal,GA,Republican,1957-09-06,1957,68,Baby Boom Generation,unitedstates.io,Boomer (1943-1960)
Barry Loudermilk,Representative,House,Federal,GA,Republican,1963-12-22,1963,62,Gen X (13ers),unitedstates.io,Gen X (1961-1981)
Rick W. Allen,Representative,House,Federal,GA,Republican,1951-11-07,1951,74,Baby Boom Generation,unitedstates.io,Boomer (1943-1960)
Mike Bost,Representative,House,Federal,IL,Republican,1960-12-30,1960,65,Baby Boom Generation,unitedstates.io,Boomer (1943-1960)
Seth Moulton,Representative,House,Federal,MA,Democrat,1978-10-24,1978,47,Gen X (13ers),unitedstates.io,Gen X (1961-1981)
John R. Moolenaar,Representative,House,Federal,MI,Republican,1961-05-08,1961,64,Gen X (13ers),unitedstates.io,Gen X (1961-1981)
Debbie Dingell,Representative,House,Federal,MI,Democrat,1953-11-23,1953,72,Baby Boom Generation,unitedstates.io,Boomer (1943-1960)
Tom Emmer,Representative,House,Federal,MN,Republican,1961-03-03,1961,64,Gen X (13ers),unitedstates.io,Gen X (1961-1981)
David Rouzer,Representative,House,Federal,NC,Republican,1972-02-16,1972,54,Gen X (13ers),unitedstates.io,Gen X (1961-1981)
Bonnie Watson Coleman,Representative,House,Federal,NJ,Democrat,1945-02-06,1945,81,Baby Boom Generation,unitedstates.io,Boomer (1943-1960)
Elise M. Stefanik,Representative,House,Federal,NY,Republican,1984-07-02,1984,41,Millennial Generation,unitedstates.io,Millennial (1982-2005)
Brendan F. Boyle,Representative,House,Federal,PA,Democrat,1977-02-06,1977,49,Gen X (13ers),unitedstates.io,Gen X (1961-1981)
Brian Babin,Representative,House,Federal,TX,Republican,1948-03-23,1948,77,Baby Boom Generation,unitedstates.io,Boomer (1943-1960)
Donald S. Beyer,Representative,House,Federal,VA,Democrat,1950-06-20,1950,75,Baby Boom Generation,unitedstates.io,Boomer (1943-1960)
Stacey E. Plaskett,Representative,House,Federal,VI,Democrat,1966-05-13,1966,59,Gen X (13ers),unitedstates.io,Gen X (1961-1981)
Dan Newhouse,Representative,House,Federal,WA,Republican,1955-07-10,1955,70,Baby Boom Generation,unitedstates.io,Boomer (1943-1960)
Glenn Grothman,Representative,House,Federal,WI,Republican,1955-07-03,1955,70,Baby Boom Generation,unitedstates.io,Boomer (1943-1960)
Aumua Amata Coleman Radewagen,Representative,House,Federal,AS,Republican,1947-12-29,1947,78,Baby Boom Generation,unitedstates.io,Boomer (1943-1960)
Dan Sullivan,Senator,Senate,Federal,AK,Republican,1964-11-13,1964,61,Gen X (13ers),unitedstates.io,Gen X (1961-1981)
Joni Ernst,Senator,Senate,Federal,IA,Republican,1970-07-01,1970,55,Gen X (13ers),unitedstates.io,Gen X (1961-1981)
Thom Tillis,Senator,Senate,Federal,NC,Republican,1960-08-30,1960,65,Baby Boom Generation,unitedstates.io,Boomer (1943-1960)
Mike Rounds,Senator,Senate,Federal,SD,Republican,1954-10-24,1954,71,Baby Boom Generation,unitedstates.io,Boomer (1943-1960)
Trent Kelly,Representative,House,Federal,MS,Republican,1966-03-01,1966,59,Gen X (13ers),unitedstates.io,Gen X (1961-1981)
Darin LaHood,Representative,House,Federal,IL,Republican,1968-07-05,1968,57,Gen X (13ers),unitedstates.io,Gen X (1961-1981)
Warren Davidson,Representative,House,Federal,OH,Republican,1970-03-01,1970,55,Gen X (13ers),unitedstates.io,Gen X (1961-1981)
James Comer,Representative,House,Federal,KY,Republican,1972-08-19,1972,53,Gen X (13ers),unitedstates.io,Gen X (1961-1981)
Dwight Evans,Representative,House,Federal,PA,Democrat,1954-05-16,1954,71,Baby Boom Generation,unitedstates.io,Boomer (1943-1960)
John Neely Kennedy,Senator,Senate,Federal,LA,Republican,1951-11-21,1951,74,Baby Boom Generation,unitedstates.io,Boomer (1943-1960)
Margaret Wood Hassan,Senator,Senate,Federal,NH,Democrat,1958-02-27,1958,68,Baby Boom Generation,unitedstates.io,Boomer (1943-1960)
Catherine Cortez Masto,Senator,Senate,Federal,NV,Democrat,1964-03-29,1964,61,Gen X (13ers),unitedstates.io,Gen X (1961-1981)
Bradley Scott Schneider,Representative,House,Federal,IL,Democrat,1961-08-20,1961,64,Gen X (13ers),unitedstates.io,Gen X (1961-1981)
Andy Biggs,Representative,House,Federal,AZ,Republican,1958-11-07,1958,67,Baby Boom Generation,unitedstates.io,Boomer (1943-1960)
Ro Khanna,Representative,House,Federal,CA,Democrat,1976-09-13,1976,49,Gen X (13ers),unitedstates.io,Gen X (1961-1981)
Jimmy Panetta,Representative,House,Federal,CA,Democrat,1969-10-01,1969,56,Gen X (13ers),unitedstates.io,Gen X (1961-1981)
Salud O. Carbajal,Representative,House,Federal,CA,Democrat,1964-11-18,1964,61,Gen X (13ers),unitedstates.io,Gen X (1961-1981)
Nanette Diaz Barragán,Representative,House,Federal,CA,Democrat,1976-09-15,1976,49,Gen X (13ers),unitedstates.io,Gen X (1961-1981)
J. Luis Correa,Representative,House,Federal,CA,Democrat,1958-01-24,1958,68,Baby Boom Generation,unitedstates.io,Boomer (1943-1960)
Lisa Blunt Rochester,Senator,Senate,Federal,DE,Democrat,1962-02-10,1962,64,Gen X (13ers),unitedstates.io,Gen X (1961-1981)
Neal P. Dunn,Representative,House,Federal,FL,Republican,1953-02-16,1953,73,Baby Boom Generation,unitedstates.io,Boomer (1943-1960)
John H. Rutherford,Representative,House,Federal,FL,Republican,1952-09-02,1952,73,Baby Boom Generation,unitedstates.io,Boomer (1943-1960)
Darren Soto,Representative,House,Federal,FL,Democrat,1978-02-25,1978,48,Gen X (13ers),unitedstates.io,Gen X (1961-1981)
Brian J. Mast,Representative,House,Federal,FL,Republican,1980-07-10,1980,45,Gen X (13ers),unitedstates.io,Gen X (1961-1981)
Raja Krishnamoorthi,Representative,House,Federal,IL,Democrat,1973-07-19,1973,52,Gen X (13ers),unitedstates.io,Gen X (1961-1981)
Jim Banks,Senator,Senate,Federal,IN,Republican,1979-07-16,1979,46,Gen X (13ers),unitedstates.io,Gen X (1961-1981)
Roger Marshall,Senator,Senate,Federal,KS,Republican,1960-08-09,1960,65,Baby Boom Generation,unitedstates.io,Boomer (1943-1960)
Clay Higgins,Representative,House,Federal,LA,Republican,1961-08-24,1961,64,Gen X (13ers),unitedstates.io,Gen X (1961-1981)
Mike Johnson,Representative,House,Federal,LA,Republican,1972-01-30,1972,54,Gen X (13ers),unitedstates.io,Gen X (1961-1981)
Jamie Raskin,Representative,House,Federal,MD,Democrat,1962-12-13,1962,63,Gen X (13ers),unitedstates.io,Gen X (1961-1981)
Jack Bergman,Representative,House,Federal,MI,Republican,1947-02-02,1947,79,Baby Boom Generation,unitedstates.io,Boomer (1943-1960)
Ted Budd,Senator,Senate,Federal,NC,Republican,1971-10-21,1971,54,Gen X (13ers),unitedstates.io,Gen X (1961-1981)
Don Bacon,Representative,House,Federal,NE,Republican,1963-08-16,1963,62,Gen X (13ers),unitedstates.io,Gen X (1961-1981)
Josh Gottheimer,Representative,House,Federal,NJ,Democrat,1975-03-08,1975,50,Gen X (13ers),unitedstates.io,Gen X (1961-1981)
Jacky Rosen,Senator,Senate,Federal,NV,Democrat,1957-08-02,1957,68,Baby Boom Generation,unitedstates.io,Boomer (1943-1960)
Adriano Espaillat,Representative,House,Federal,NY,Democrat,1954-09-27,1954,71,Baby Boom Generation,unitedstates.io,Boomer (1943-1960)
Brian K. Fitzpatrick,Representative,House,Federal,PA,Republican,1973-12-17,1973,52,Gen X (13ers),unitedstates.io,Gen X (1961-1981)
Lloyd Smucker,Representative,House,Federal,PA,Republican,1964-01-23,1964,62,Gen X (13ers),unitedstates.io,Gen X (1961-1981)
David Kustoff,Representative,House,Federal,TN,Republican,1966-10-08,1966,59,Gen X (13ers),unitedstates.io,Gen X (1961-1981)
Vicente Gonzalez,Representative,House,Federal,TX,Democrat,1967-09-04,1967,58,Gen X (13ers),unitedstates.io,Gen X (1961-1981)
Jodey C. Arrington,Representative,House,Federal,TX,Republican,1972-03-09,1972,53,Gen X (13ers),unitedstates.io,Gen X (1961-1981)
Pramila Jayapal,Representative,House,Federal,WA,Democrat,1965-09-21,1965,60,Gen X (13ers),unitedstates.io,Gen X (1961-1981)
Ron Estes,Representative,House,Federal,KS,Republican,1956-07-19,1956,69,Baby Boom Generation,unitedstates.io,Boomer (1943-1960)
Ralph Norman,Representative,House,Federal,SC,Republican,1953-06-20,1953,72,Baby Boom Generation,unitedstates.io,Boomer (1943-1960)
Jimmy Gomez,Representative,House,Federal,CA,Democrat,1974-11-25,1974,51,Gen X (13ers),unitedstates.io,Gen X (1961-1981)
John R. Curtis,Senator,Senate,Federal,UT,Republican,1960-05-10,1960,65,Baby Boom Generation,unitedstates.io,Boomer (1943-1960)
Tina Flint Smith,Senator,Senate,Federal,MN,Democrat,1958-03-04,1958,67,Baby Boom Generation,unitedstates.io,Boomer (1943-1960)
Cindy Hyde-Smith,Senator,Senate,Federal,MS,Republican,1959-05-10,1959,66,Baby Boom Generation,unitedstates.io,Boomer (1943-1960)
Michael Cloud,Representative,House,Federal,TX,Republican,1975-05-13,1975,50,Gen X (13ers),unitedstates.io,Gen X (1961-1981)
Troy Balderson,Representative,House,Federal,OH,Republican,1962-01-16,1962,64,Gen X (13ers),unitedstates.io,Gen X (1961-1981)
Kevin R. Hern,Representative,House,Federal,OK,Republican,1961-12-04,1961,64,Gen X (13ers),unitedstates.io,Gen X (1961-1981)
Joseph D. Morelle,Representative,House,Federal,NY,Democrat,1957-04-29,1957,68,Baby Boom Generation,unitedstates.io,Boomer (1943-1960)
Mary Gay Scanlon,Representative,House,Federal,PA,Democrat,1959-08-30,1959,66,Baby Boom Generation,unitedstates.io,Boomer (1943-1960)
Ed Case,Representative,House,Federal,HI,Democrat,1952-09-27,1952,73,Baby Boom Generation,unitedstates.io,Boomer (1943-1960)
Steven A. Horsford,Representative,House,Federal,NV,Democrat,1973-04-29,1973,52,Gen X (13ers),unitedstates.io,Gen X (1961-1981)
Greg Stanton,Representative,House,Federal,AZ,Democrat,1970-03-08,1970,55,Gen X (13ers),unitedstates.io,Gen X (1961-1981)
Josh Harder,Representative,House,Federal,CA,Democrat,1986-08-01,1986,39,Millennial Generation,unitedstates.io,Millennial (1982-2005)
Mike Levin,Representative,House,Federal,CA,Democrat,1978-10-28,1978,47,Gen X (13ers),unitedstates.io,Gen X (1961-1981)
Joe Neguse,Representative,House,Federal,CO,Democrat,1984-05-13,1984,41,Millennial Generation,unitedstates.io,Millennial (1982-2005)
Jason Crow,Representative,House,Federal,CO,Democrat,1979-03-15,1979,46,Gen X (13ers),unitedstates.io,Gen X (1961-1981)
Jahana Hayes,Representative,House,Federal,CT,Democrat,1973-03-08,1973,52,Gen X (13ers),unitedstates.io,Gen X (1961-1981)
W. Gregory Steube,Representative,House,Federal,FL,Republican,1978-05-19,1978,47,Gen X (13ers),unitedstates.io,Gen X (1961-1981)
Lucy McBath,Representative,House,Federal,GA,Democrat,1960-06-01,1960,65,Baby Boom Generation,unitedstates.io,Boomer (1943-1960)
Russ Fulcher,Representative,House,Federal,ID,Republican,1973-07-19,1973,52,Gen X (13ers),unitedstates.io,Gen X (1961-1981)
Jesús G. García,Representative,House,Federal,IL,Democrat,1956-04-12,1956,69,Baby Boom Generation,unitedstates.io,Boomer (1943-1960)
Sean Casten,Representative,House,Federal,IL,Democrat,1971-11-23,1971,54,Gen X (13ers),unitedstates.io,Gen X (1961-1981)
Lauren Underwood,Representative,House,Federal,IL,Democrat,1986-10-04,1986,39,Millennial Generation,unitedstates.io,Millennial (1982-2005)
James R. Baird,Representative,House,Federal,IN,Republican,1945-06-04,1945,80,Baby Boom Generation,unitedstates.io,Boomer (1943-1960)
Sharice Davids,Representative,House,Federal,KS,Democrat,1980-05-22,1980,45,Gen X (13ers),unitedstates.io,Gen X (1961-1981)
Lori Trahan,Representative,House,Federal,MA,Democrat,1973-10-27,1973,52,Gen X (13ers),unitedstates.io,Gen X (1961-1981)
Ayanna Pressley,Representative,House,Federal,MA,Democrat,1974-02-03,1974,52,Gen X (13ers),unitedstates.io,Gen X (1961-1981)
Elissa Slotkin,Senator,Senate,Federal,MI,Democrat,1976-07-10,1976,49,Gen X (13ers),unitedstates.io,Gen X (1961-1981)
Haley M. Stevens,Representative,House,Federal,MI,Democrat,1983-06-24,1983,42,Millennial Generation,unitedstates.io,Millennial (1982-2005)
Rashida Tlaib,Representative,House,Federal,MI,Democrat,1976-07-24,1976,49,Gen X (13ers),unitedstates.io,Gen X (1961-1981)
Angie Craig,Representative,House,Federal,MN,Democrat,1972-02-14,1972,54,Gen X (13ers),unitedstates.io,Gen X (1961-1981)
Ilhan Omar,Representative,House,Federal,MN,Democrat,1981-10-04,1981,44,Gen X (13ers),unitedstates.io,Gen X (1961-1981)
Pete Stauber,Representative,House,Federal,MN,Republican,1966-05-10,1966,59,Gen X (13ers),unitedstates.io,Gen X (1961-1981)
Michael Guest,Representative,House,Federal,MS,Republican,1970-02-04,1970,56,Gen X (13ers),unitedstates.io,Gen X (1961-1981)
Chris Pappas,Representative,House,Federal,NH,Democrat,1980-06-04,1980,45,Gen X (13ers),unitedstates.io,Gen X (1961-1981)
Jefferson Van Drew,Representative,House,Federal,NJ,Republican,1953-02-23,1953,73,Baby Boom Generation,unitedstates.io,Boomer (1943-1960)
Andy Kim,Senator,Senate,Federal,NJ,Democrat,1982-07-12,1982,43,Millennial Generation,unitedstates.io,Millennial (1982-2005)
Susie Lee,Representative,House,Federal,NV,Democrat,1966-11-07,1966,59,Gen X (13ers),unitedstates.io,Gen X (1961-1981)
Alexandria Ocasio-Cortez,Representative,House,Federal,NY,Democrat,1989-10-13,1989,36,Millennial Generation,unitedstates.io,Millennial (1982-2005)
Madeleine Dean,Representative,House,Federal,PA,Democrat,1959-06-06,1959,66,Baby Boom Generation,unitedstates.io,Boomer (1943-1960)
Chrissy Houlahan,Representative,House,Federal,PA,Democrat,1967-06-05,1967,58,Gen X (13ers),unitedstates.io,Gen X (1961-1981)
Daniel Meuser,Representative,House,Federal,PA,Republican,1964-02-10,1964,62,Gen X (13ers),unitedstates.io,Gen X (1961-1981)
John Joyce,Representative,House,Federal,PA,Republican,1957-02-08,1957,69,Baby Boom Generation,unitedstates.io,Boomer (1943-1960)
Guy Reschenthaler,Representative,House,Federal,PA,Republican,1983-04-17,1983,42,Millennial Generation,unitedstates.io,Millennial (1982-2005)
William R. Timmons,Representative,House,Federal,SC,Republican,1984-04-30,1984,41,Millennial Generation,unitedstates.io,Millennial (1982-2005)
Dusty Johnson,Representative,House,Federal,SD,Republican,1976-09-30,1976,49,Gen X (13ers),unitedstates.io,Gen X (1961-1981)
Tim Burchett,Representative,House,Federal,TN,Republican,1964-08-25,1964,61,Gen X (13ers),unitedstates.io,Gen X (1961-1981)
John W. Rose,Representative,House,Federal,TN,Republican,1965-02-23,1965,61,Gen X (13ers),unitedstates.io,Gen X (1961-1981)
Dan Crenshaw,Representative,House,Federal,TX,Republican,1984-03-14,1984,41,Millennial Generation,unitedstates.io,Millennial (1982-2005)
Lance Gooden,Representative,House,Federal,TX,Republican,1982-12-01,1982,43,Millennial Generation,unitedstates.io,Millennial (1982-2005)
Lizzie Fletcher,Representative,House,Federal,TX,Democrat,1975-02-13,1975,51,Gen X (13ers),unitedstates.io,Gen X (1961-1981)
Veronica Escobar,Representative,House,Federal,TX,Democrat,1969-09-15,1969,56,Gen X (13ers),unitedstates.io,Gen X (1961-1981)
Chip Roy,Representative,House,Federal,TX,Republican,1972-08-07,1972,53,Gen X (13ers),unitedstates.io,Gen X (1961-1981)
Sylvia R. Garcia,Representative,House,Federal,TX,Democrat,1950-09-06,1950,75,Baby Boom Generation,unitedstates.io,Boomer (1943-1960)
Ben Cline,Representative,House,Federal,VA,Republican,1972-02-29,1972,53,Gen X (13ers),unitedstates.io,Gen X (1961-1981)
Kim Schrier,Representative,House,Federal,WA,Democrat,1968-08-23,1968,57,Gen X (13ers),unitedstates.io,Gen X (1961-1981)
Bryan Steil,Representative,House,Federal,WI,Republican,1981-03-30,1981,44,Gen X (13ers),unitedstates.io,Gen X (1961-1981)
Carol D. Miller,Representative,House,Federal,WV,Republican,1950-11-04,1950,75,Baby Boom Generation,unitedstates.io,Boomer (1943-1960)
Rick Scott,Senator,Senate,Federal,FL,Republican,1952-12-01,1952,73,Baby Boom Generation,unitedstates.io,Boomer (1943-1960)
Joshua Hawley,Senator,Senate,Federal,MO,Republican,1979-12-31,1979,46,Gen X (13ers),unitedstates.io,Gen X (1961-1981)
Jared Forrest Golden,Representative,House,Federal,ME,Democrat,1982-07-25,1982,43,Millennial Generation,unitedstates.io,Millennial (1982-2005)
Gregory Francis Murphy,Representative,House,Federal,NC,Republican,1963-03-05,1963,62,Gen X (13ers),unitedstates.io,Gen X (1961-1981)
Kweisi Mfume,Representative,House,Federal,MD,Democrat,1948-10-24,1948,77,Baby Boom Generation,unitedstates.io,Boomer (1943-1960)
Thomas P. Tiffany,Representative,House,Federal,WI,Republican,1957-12-30,1957,68,Baby Boom Generation,unitedstates.io,Boomer (1943-1960)
Mark Kelly,Senator,Senate,Federal,AZ,Democrat,1964-02-21,1964,62,Gen X (13ers),unitedstates.io,Gen X (1961-1981)
Cynthia M. Lummis,Senator,Senate,Federal,WY,Republican,1954-09-10,1954,71,Baby Boom Generation,unitedstates.io,Boomer (1943-1960)
Darrell E. Issa,Representative,House,Federal,CA,Republican,1953-11-01,1953,72,Baby Boom Generation,unitedstates.io,Boomer (1943-1960)
Pete A. Sessions,Representative,House,Federal,TX,Republican,1955-03-22,1955,70,Baby Boom Generation,unitedstates.io,Boomer (1943-1960)
David G. Valadao,Representative,House,Federal,CA,Republican,1977-04-14,1977,48,Gen X (13ers),unitedstates.io,Gen X (1961-1981)
Tommy Hawley Tuberville,Senator,Senate,Federal,AL,Republican,1954-09-18,1954,71,Baby Boom Generation,unitedstates.io,Boomer (1943-1960)
John Wright Hickenlooper,Senator,Senate,Federal,CO,Democrat,1952-02-07,1952,74,Baby Boom Generation,unitedstates.io,Boomer (1943-1960)
Bill Francis Hagerty,Senator,Senate,Federal,TN,Republican,1959-08-14,1959,66,Baby Boom Generation,unitedstates.io,Boomer (1943-1960)
Barry Moore,Representative,House,Federal,AL,Republican,1966-09-26,1966,59,Gen X (13ers),unitedstates.io,Gen X (1961-1981)
Jay Phillip Obernolte,Representative,House,Federal,CA,Republican,1970-08-18,1970,55,Gen X (13ers),unitedstates.io,Gen X (1961-1981)
Young Oak Kim,Representative,House,Federal,CA,Republican,1962-10-18,1962,63,Gen X (13ers),unitedstates.io,Gen X (1961-1981)
Sara Jacobs,Representative,House,Federal,CA,Democrat,1989-02-01,1989,37,Millennial Generation,unitedstates.io,Millennial (1982-2005)
Lauren Opal Boebert,Representative,House,Federal,CO,Republican,1986-12-15,1986,39,Millennial Generation,unitedstates.io,Millennial (1982-2005)
Katherine Cammack,Representative,House,Federal,FL,Republican,1988-02-16,1988,38,Millennial Generation,unitedstates.io,Millennial (1982-2005)
C. Scott Franklin,Representative,House,Federal,FL,Republican,1964-08-23,1964,61,Gen X (13ers),unitedstates.io,Gen X (1961-1981)
Byron Lowell Donalds,Representative,House,Federal,FL,Republican,1978-10-28,1978,47,Gen X (13ers),unitedstates.io,Gen X (1961-1981)
Carlos A. Gimenez,Representative,House,Federal,FL,Republican,1954-01-17,1954,72,Baby Boom Generation,unitedstates.io,Boomer (1943-1960)
Maria Elvira Salazar,Representative,House,Federal,FL,Republican,1961-11-01,1961,64,Gen X (13ers),unitedstates.io,Gen X (1961-1981)
Nikema Natassha Williams,Representative,House,Federal,GA,Democrat,1978-07-30,1978,47,Gen X (13ers),unitedstates.io,Gen X (1961-1981)
Andrew S. Clyde,Representative,House,Federal,GA,Republican,1963-11-22,1963,62,Gen X (13ers),unitedstates.io,Gen X (1961-1981)
Ashley Hinson,Representative,House,Federal,IA,Republican,1983-06-27,1983,42,Millennial Generation,unitedstates.io,Millennial (1982-2005)
Mariannette Jane Miller-Meeks,Representative,House,Federal,IA,Republican,1955-09-06,1955,70,Baby Boom Generation,unitedstates.io,Boomer (1943-1960)
Randy L. Feenstra,Representative,House,Federal,IA,Republican,1969-01-14,1969,57,Gen X (13ers),unitedstates.io,Gen X (1961-1981)
Mary E. Miller,Representative,House,Federal,IL,Republican,1959-08-27,1959,66,Baby Boom Generation,unitedstates.io,Boomer (1943-1960)
Frank John Mrvan,Representative,House,Federal,IN,Democrat,1969-04-16,1969,56,Gen X (13ers),unitedstates.io,Gen X (1961-1981)
Victoria Spartz,Representative,House,Federal,IN,Republican,1978-10-06,1978,47,Gen X (13ers),unitedstates.io,Gen X (1961-1981)
Tracey Robert Mann,Representative,House,Federal,KS,Republican,1976-12-17,1976,49,Gen X (13ers),unitedstates.io,Gen X (1961-1981)
Jake Daniel Auchincloss,Representative,House,Federal,MA,Democrat,1988-01-29,1988,38,Millennial Generation,unitedstates.io,Millennial (1982-2005)
Lisa C. McClain,Representative,House,Federal,MI,Republican,1966-04-07,1966,59,Gen X (13ers),unitedstates.io,Gen X (1961-1981)
Michelle Louise Helene Fischbach,Representative,House,Federal,MN,Republican,1965-11-03,1965,60,Gen X (13ers),unitedstates.io,Gen X (1961-1981)
Deborah Koff Ross,Representative,House,Federal,NC,Democrat,1963-06-20,1963,62,Gen X (13ers),unitedstates.io,Gen X (1961-1981)
Teresa Leger Fernandez,Representative,House,Federal,NM,Democrat,1959-07-01,1959,66,Baby Boom Generation,unitedstates.io,Boomer (1943-1960)
Andrew R. Garbarino,Representative,House,Federal,NY,Republican,1984-09-27,1984,41,Millennial Generation,unitedstates.io,Millennial (1982-2005)
Nicole Malliotakis,Representative,House,Federal,NY,Republican,1980-11-11,1980,45,Gen X (13ers),unitedstates.io,Gen X (1961-1981)
Ritchie John Torres,Representative,House,Federal,NY,Democrat,1988-03-12,1988,37,Millennial Generation,unitedstates.io,Millennial (1982-2005)
Stephanie I. Bice,Representative,House,Federal,OK,Republican,1973-11-11,1973,52,Gen X (13ers),unitedstates.io,Gen X (1961-1981)
Cliff Stewart Bentz,Representative,House,Federal,OR,Republican,1952-01-12,1952,74,Baby Boom Generation,unitedstates.io,Boomer (1943-1960)
Nancy Ruth Mace,Representative,House,Federal,SC,Republican,1977-12-04,1977,48,Gen X (13ers),unitedstates.io,Gen X (1961-1981)
Diana Harshbarger,Representative,House,Federal,TN,Republican,1960-01-01,1960,66,Baby Boom Generation,unitedstates.io,Boomer (1943-1960)
Patrick Edward Fallon,Representative,House,Federal,TX,Republican,1967-12-19,1967,58,Gen X (13ers),unitedstates.io,Gen X (1961-1981)
August Lee Pfluger,Representative,House,Federal,TX,Republican,1978-12-28,1978,47,Gen X (13ers),unitedstates.io,Gen X (1961-1981)
Ronny Lynn Jackson,Representative,House,Federal,TX,Republican,1967-05-04,1967,58,Gen X (13ers),unitedstates.io,Gen X (1961-1981)
Troy E. Nehls,Representative,House,Federal,TX,Republican,1968-04-07,1968,57,Gen X (13ers),unitedstates.io,Gen X (1961-1981)
Ernest Anthony Gonzales,Representative,House,Federal,TX,Republican,1980-10-10,1980,45,Gen X (13ers),unitedstates.io,Gen X (1961-1981)
Beth Ann Van Duyne,Representative,House,Federal,TX,Republican,1970-11-16,1970,55,Gen X (13ers),unitedstates.io,Gen X (1961-1981)
Blake David Moore,Representative,House,Federal,UT,Republican,1980-06-22,1980,45,Gen X (13ers),unitedstates.io,Gen X (1961-1981)
Clarence Owens,Representative,House,Federal,UT,Republican,1951-08-02,1951,74,Baby Boom Generation,unitedstates.io,Boomer (1943-1960)
Marilyn Strickland,Representative,House,Federal,WA,Democrat,1962-09-25,1962,63,Gen X (13ers),unitedstates.io,Gen X (1961-1981)
Scott L. Fitzgerald,Representative,House,Federal,WI,Republican,1963-11-16,1963,62,Gen X (13ers),unitedstates.io,Gen X (1961-1981)
Alejandro Padilla,Senator,Senate,Federal,CA,Democrat,1973-03-22,1973,52,Gen X (13ers),unitedstates.io,Gen X (1961-1981)
Jon Ossoff,Senator,Senate,Federal,GA,Democrat,1987-02-16,1987,39,Millennial Generation,unitedstates.io,Millennial (1982-2005)
Raphael Gamaliel Warnock,Senator,Senate,Federal,GA,Democrat,1969-07-23,1969,56,Gen X (13ers),unitedstates.io,Gen X (1961-1981)
Claudia Tenney,Representative,House,Federal,NY,Republican,1961-02-04,1961,65,Gen X (13ers),unitedstates.io,Gen X (1961-1981)
Julia Letlow,Representative,House,Federal,LA,Republican,1981-03-16,1981,44,Gen X (13ers),unitedstates.io,Gen X (1961-1981)
Troy Anthony Carter,Representative,House,Federal,LA,Democrat,1963-10-26,1963,62,Gen X (13ers),unitedstates.io,Gen X (1961-1981)
Melanie Ann Stansbury,Representative,House,Federal,NM,Democrat,1979-01-31,1979,47,Gen X (13ers),unitedstates.io,Gen X (1961-1981)
Jake Ellzey,Representative,House,Federal,TX,Republican,1970-01-24,1970,56,Gen X (13ers),unitedstates.io,Gen X (1961-1981)
Shontel M. Brown,Representative,House,Federal,OH,Democrat,1975-06-24,1975,50,Gen X (13ers),unitedstates.io,Gen X (1961-1981)
Mike Carey,Representative,House,Federal,OH,Republican,1971-03-13,1971,54,Gen X (13ers),unitedstates.io,Gen X (1961-1981)
Sheila Cherfilus-McCormick,Representative,House,Federal,FL,Democrat,1979-01-25,1979,47,Gen X (13ers),unitedstates.io,Gen X (1961-1981)
Mike Flood,Representative,House,Federal,NE,Republican,1975-02-23,1975,51,Gen X (13ers),unitedstates.io,Gen X (1961-1981)
Brad Finstad,Representative,House,Federal,MN,Republican,1976-05-30,1976,49,Gen X (13ers),unitedstates.io,Gen X (1961-1981)
Patrick Ryan,Representative,House,Federal,NY,Democrat,1982-03-28,1982,43,Millennial Generation,unitedstates.io,Millennial (1982-2005)
Rudy Yakym,Representative,House,Federal,IN,Republican,1984-02-24,1984,42,Millennial Generation,unitedstates.io,Millennial (1982-2005)
Ryan Zinke,Representative,House,Federal,MT,Republican,1961-11-01,1961,64,Gen X (13ers),unitedstates.io,Gen X (1961-1981)
Katie Elizabeth Britt,Senator,Senate,Federal,AL,Republican,1982-02-02,1982,44,Millennial Generation,unitedstates.io,Millennial (1982-2005)
Eric Stephen Schmitt,Senator,Senate,Federal,MO,Republican,1975-06-20,1975,50,Gen X (13ers),unitedstates.io,Gen X (1961-1981)
John Karl Fetterman,Senator,Senate,Federal,PA,Democrat,1969-08-15,1969,56,Gen X (13ers),unitedstates.io,Gen X (1961-1981)
Dale Strong,Representative,House,Federal,AL,Republican,1970-05-08,1970,55,Gen X (13ers),unitedstates.io,Gen X (1961-1981)
Eli Crane,Representative,House,Federal,AZ,Republican,1980-01-03,1980,46,Gen X (13ers),unitedstates.io,Gen X (1961-1981)
Juan Guadaloupe Ciscomani,Representative,House,Federal,AZ,Republican,1982-08-30,1982,43,Millennial Generation,unitedstates.io,Millennial (1982-2005)
Kevin Patrick Kiley,Representative,House,Federal,CA,Republican,1985-01-30,1985,41,Millennial Generation,unitedstates.io,Millennial (1982-2005)
Kevin Mullin,Representative,House,Federal,CA,Democrat,1970-06-15,1970,55,Gen X (13ers),unitedstates.io,Gen X (1961-1981)
Sydney Kai Kamlager-Dove,Representative,House,Federal,CA,Democrat,1972-07-20,1972,53,Gen X (13ers),unitedstates.io,Gen X (1961-1981)
Robert Julio Garcia,Representative,House,Federal,CA,Democrat,1977-12-02,1977,48,Gen X (13ers),unitedstates.io,Gen X (1961-1981)
Brittany Louise Pettersen,Representative,House,Federal,CO,Democrat,1981-12-06,1981,44,Gen X (13ers),unitedstates.io,Gen X (1961-1981)
Aaron Paul Bean,Representative,House,Federal,FL,Republican,1967-01-25,1967,59,Gen X (13ers),unitedstates.io,Gen X (1961-1981)
Cory Mills,Representative,House,Federal,FL,Republican,1980-07-30,1980,45,Gen X (13ers),unitedstates.io,Gen X (1961-1981)
Maxwell Alejandro Frost,Representative,House,Federal,FL,Democrat,1997-01-17,1997,29,Millennial Generation,unitedstates.io,Millennial (1982-2005)
Anna Paulina Luna,Representative,House,Federal,FL,Republican,1989-05-06,1989,36,Millennial Generation,unitedstates.io,Millennial (1982-2005)
Laurel Frances Lee,Representative,House,Federal,FL,Republican,1974-03-26,1974,51,Gen X (13ers),unitedstates.io,Gen X (1961-1981)
Jared Evan Moskowitz,Representative,House,Federal,FL,Democrat,1980-12-18,1980,45,Gen X (13ers),unitedstates.io,Gen X (1961-1981)
Rich Dean McCormick,Representative,House,Federal,GA,Republican,1968-10-07,1968,57,Gen X (13ers),unitedstates.io,Gen X (1961-1981)
Mike Allen Collins,Representative,House,Federal,GA,Republican,1967-07-02,1967,58,Gen X (13ers),unitedstates.io,Gen X (1961-1981)
James (Jim) Camacho Moylan,Representative,House,Federal,GU,Republican,1962-07-18,1962,63,Gen X (13ers),unitedstates.io,Gen X (1961-1981)
Jill Naomi Tokuda,Representative,House,Federal,HI,Democrat,1976-03-28,1976,49,Gen X (13ers),unitedstates.io,Gen X (1961-1981)
Zachary (Zach) Martin Nunn,Representative,House,Federal,IA,Republican,1979-05-04,1979,46,Gen X (13ers),unitedstates.io,Gen X (1961-1981)
Jonathan Luther Jackson,Representative,House,Federal,IL,Democrat,1966-01-07,1966,60,Gen X (13ers),unitedstates.io,Gen X (1961-1981)
Delia Catalina Ramirez,Representative,House,Federal,IL,Democrat,1983-06-02,1983,42,Millennial Generation,unitedstates.io,Millennial (1982-2005)
Nicole (Nikki) Jai Budzinski,Representative,House,Federal,IL,Democrat,1977-03-11,1977,48,Gen X (13ers),unitedstates.io,Gen X (1961-1981)
Eric Sorensen,Representative,House,Federal,IL,Democrat,1976-03-18,1976,49,Gen X (13ers),unitedstates.io,Gen X (1961-1981)
Erin Suzanne Houchin,Representative,House,Federal,IN,Republican,1976-09-24,1976,49,Gen X (13ers),unitedstates.io,Gen X (1961-1981)
Morgan McGarvey,Representative,House,Federal,KY,Democrat,1979-12-23,1979,46,Gen X (13ers),unitedstates.io,Gen X (1961-1981)
Glenn Frederick Ivey,Representative,House,Federal,MD,Democrat,1961-02-27,1961,65,Gen X (13ers),unitedstates.io,Gen X (1961-1981)
Hillary Jeanne Scholten,Representative,House,Federal,MI,Democrat,1982-02-22,1982,44,Millennial Generation,unitedstates.io,Millennial (1982-2005)
John Edwards James,Representative,House,Federal,MI,Republican,1981-06-08,1981,44,Gen X (13ers),unitedstates.io,Gen X (1961-1981)
Shri Thanedar,Representative,House,Federal,MI,Democrat,1955-02-22,1955,71,Baby Boom Generation,unitedstates.io,Boomer (1943-1960)
Mark Allen Alford,Representative,House,Federal,MO,Republican,1963-10-04,1963,62,Gen X (13ers),unitedstates.io,Gen X (1961-1981)
Eric Wayne Burlison,Representative,House,Federal,MO,Republican,1976-10-02,1976,49,Gen X (13ers),unitedstates.io,Gen X (1961-1981)
Mike Ezell,Representative,House,Federal,MS,Republican,1959-04-06,1959,66,Baby Boom Generation,unitedstates.io,Boomer (1943-1960)
Donald Gene Davis,Representative,House,Federal,NC,Democrat,1971-08-29,1971,54,Gen X (13ers),unitedstates.io,Gen X (1961-1981)
Valerie Jean Foushee,Representative,House,Federal,NC,Democrat,1956-05-07,1956,69,Baby Boom Generation,unitedstates.io,Boomer (1943-1960)
Charles (Chuck) Marion Edwards,Representative,House,Federal,NC,Republican,1960-09-13,1960,65,Baby Boom Generation,unitedstates.io,Boomer (1943-1960)
Thomas Howard Kean,Representative,House,Federal,NJ,Republican,1968-09-05,1968,57,Gen X (13ers),unitedstates.io,Gen X (1961-1981)
Robert Jacobsen Menendez,Representative,House,Federal,NJ,Democrat,1985-07-12,1985,40,Millennial Generation,unitedstates.io,Millennial (1982-2005)
Gabriel (Gabe) Vasquez,Representative,House,Federal,NM,Democrat,1984-08-03,1984,41,Millennial Generation,unitedstates.io,Millennial (1982-2005)
Nicolas Joseph LaLota,Representative,House,Federal,NY,Republican,1978-06-23,1978,47,Gen X (13ers),unitedstates.io,Gen X (1961-1981)
Dan Sachs Goldman,Representative,House,Federal,NY,Democrat,1976-02-26,1976,50,Gen X (13ers),unitedstates.io,Gen X (1961-1981)
Michael Vincent Lawler,Representative,House,Federal,NY,Republican,1986-09-09,1986,39,Millennial Generation,unitedstates.io,Millennial (1982-2005)
Nicholas A. Langworthy,Representative,House,Federal,NY,Republican,1981-02-27,1981,45,Gen X (13ers),unitedstates.io,Gen X (1961-1981)
Greg John Landsman,Representative,House,Federal,OH,Democrat,1976-12-04,1976,49,Gen X (13ers),unitedstates.io,Gen X (1961-1981)
Max Leonard Miller,Representative,House,Federal,OH,Republican,1988-11-13,1988,37,Millennial Generation,unitedstates.io,Millennial (1982-2005)
Emilia Strong Sykes,Representative,House,Federal,OH,Democrat,1986-01-04,1986,40,Millennial Generation,unitedstates.io,Millennial (1982-2005)
Josh Chad Brecheen,Representative,House,Federal,OK,Republican,1979-06-19,1979,46,Gen X (13ers),unitedstates.io,Gen X (1961-1981)
Valerie Anne Hoyle,Representative,House,Federal,OR,Democrat,1964-02-14,1964,62,Gen X (13ers),unitedstates.io,Gen X (1961-1981)
Andrea Rose Salinas,Representative,House,Federal,OR,Democrat,1969-12-06,1969,56,Gen X (13ers),unitedstates.io,Gen X (1961-1981)
Summer Lynn Lee,Representative,House,Federal,PA,Democrat,1987-11-26,1987,38,Millennial Generation,unitedstates.io,Millennial (1982-2005)
Chris Raphael Deluzio,Representative,House,Federal,PA,Democrat,1984-07-13,1984,41,Millennial Generation,unitedstates.io,Millennial (1982-2005)
Seth Michael Magaziner,Representative,House,Federal,RI,Democrat,1983-07-22,1983,42,Millennial Generation,unitedstates.io,Millennial (1982-2005)
Russell William Fry,Representative,House,Federal,SC,Republican,1985-01-31,1985,41,Millennial Generation,unitedstates.io,Millennial (1982-2005)
Andrew Ogles,Representative,House,Federal,TN,Republican,1971-06-18,1971,54,Gen X (13ers),unitedstates.io,Gen X (1961-1981)
Nathaniel Quentin Moran,Representative,House,Federal,TX,Republican,1974-07-22,1974,51,Gen X (13ers),unitedstates.io,Gen X (1961-1981)
Keith Alan Self,Representative,House,Federal,TX,Republican,1953-03-20,1953,72,Baby Boom Generation,unitedstates.io,Boomer (1943-1960)
Morgan Joe Luttrell,Representative,House,Federal,TX,Republican,1975-11-07,1975,50,Gen X (13ers),unitedstates.io,Gen X (1961-1981)
Mónica De La Cruz,Representative,House,Federal,TX,Republican,1974-11-11,1974,51,Gen X (13ers),unitedstates.io,Gen X (1961-1981)
Jasmine Felicia Crockett,Representative,House,Federal,TX,Democrat,1981-03-29,1981,44,Gen X (13ers),unitedstates.io,Gen X (1961-1981)
Gregorio Eduardo Casar,Representative,House,Federal,TX,Democrat,1989-05-04,1989,36,Millennial Generation,unitedstates.io,Millennial (1982-2005)
Wesley Parish Hunt,Representative,House,Federal,TX,Republican,1981-11-13,1981,44,Gen X (13ers),unitedstates.io,Gen X (1961-1981)
Jennifer Ann Kiggans,Representative,House,Federal,VA,Republican,1971-06-18,1971,54,Gen X (13ers),unitedstates.io,Gen X (1961-1981)
Becca A. Balint,Representative,House,Federal,VT,Democrat,1968-05-04,1968,57,Gen X (13ers),unitedstates.io,Gen X (1961-1981)
Marie Gluesenkamp Perez,Representative,House,Federal,WA,Democrat,1988-06-06,1988,37,Millennial Generation,unitedstates.io,Millennial (1982-2005)
Derrick Francis Van Orden,Representative,House,Federal,WI,Republican,1969-09-15,1969,56,Gen X (13ers),unitedstates.io,Gen X (1961-1981)
Harriet Maxine Hageman,Representative,House,Federal,WY,Republican,1962-10-18,1962,63,Gen X (13ers),unitedstates.io,Gen X (1961-1981)
Pete Ricketts,Senator,Senate,Federal,NE,Republican,1964-08-19,1964,61,Gen X (13ers),unitedstates.io,Gen X (1961-1981)
Jennifer McClellan,Representative,House,Federal,VA,Democrat,1972-12-28,1972,53,Gen X (13ers),unitedstates.io,Gen X (1961-1981)
Gabe Amo,Representative,House,Federal,RI,Democrat,1987-12-11,1987,38,Millennial Generation,unitedstates.io,Millennial (1982-2005)
Celeste Maloy,Representative,House,Federal,UT,Republican,1981-05-22,1981,44,Gen X (13ers),unitedstates.io,Gen X (1961-1981)
Thomas R. Suozzi,Representative,House,Federal,NY,Democrat,1962-08-31,1962,63,Gen X (13ers),unitedstates.io,Gen X (1961-1981)
Timothy Kennedy,Representative,House,Federal,NY,Democrat,1976-10-20,1976,49,Gen X (13ers),unitedstates.io,Gen X (1961-1981)
Vince Fong,Representative,House,Federal,CA,Republican,1979-10-24,1979,46,Gen X (13ers),unitedstates.io,Gen X (1961-1981)
Michael A. Rulli,Representative,House,Federal,OH,Republican,1969-03-11,1969,56,Gen X (13ers),unitedstates.io,Gen X (1961-1981)
LaMonica McIver,Representative,House,Federal,NJ,Democrat,1986-06-20,1986,39,Millennial Generation,unitedstates.io,Millennial (1982-2005)
Tony Wied,Representative,House,Federal,WI,Republican,1976-05-03,1976,49,Gen X (13ers),unitedstates.io,Gen X (1961-1981)
Cleo Fields,Representative,House,Federal,LA,Democrat,1962-11-22,1962,63,Gen X (13ers),unitedstates.io,Gen X (1961-1981)
Marlin A. Stutzman,Representative,House,Federal,IN,Republican,1976-08-31,1976,49,Gen X (13ers),unitedstates.io,Gen X (1961-1981)
Gilbert Ray Cisneros,Representative,House,Federal,CA,Democrat,1971-02-12,1971,55,Gen X (13ers),unitedstates.io,Gen X (1961-1981)
Angela Deneece Alsobrooks,Senator,Senate,Federal,MD,Democrat,1971-02-23,1971,55,Gen X (13ers),unitedstates.io,Gen X (1961-1981)
Tim Patrick Sheehy,Senator,Senate,Federal,MT,Republican,1985-11-18,1985,40,Millennial Generation,unitedstates.io,Millennial (1982-2005)
Bernie Moreno,Senator,Senate,Federal,OH,Republican,1967-02-14,1967,59,Gen X (13ers),unitedstates.io,Gen X (1961-1981)
Dave Harold McCormick,Senator,Senate,Federal,PA,Republican,1965-08-17,1965,60,Gen X (13ers),unitedstates.io,Gen X (1961-1981)
Nicholas Joseph Begich,Representative,House,Federal,AK,Republican,1977-10-21,1977,48,Gen X (13ers),unitedstates.io,Gen X (1961-1981)
Shomari Coleman Figures,Representative,House,Federal,AL,Democrat,1985-09-03,1985,40,Millennial Generation,unitedstates.io,Millennial (1982-2005)
Yassamin Ansari,Representative,House,Federal,AZ,Democrat,1992-04-07,1992,33,Millennial Generation,unitedstates.io,Millennial (1982-2005)
Abraham Jamal Hamadeh,Representative,House,Federal,AZ,Republican,1991-05-15,1991,34,Millennial Generation,unitedstates.io,Millennial (1982-2005)
Lateefah Aaliyah Simon,Representative,House,Federal,CA,Democrat,1977-01-29,1977,49,Gen X (13ers),unitedstates.io,Gen X (1961-1981)
Adam Channing Gray,Representative,House,Federal,CA,Democrat,1977-09-23,1977,48,Gen X (13ers),unitedstates.io,Gen X (1961-1981)
Sam Theodore Liccardo,Representative,House,Federal,CA,Democrat,1970-04-16,1970,55,Gen X (13ers),unitedstates.io,Gen X (1961-1981)
George Thomas Whitesides,Representative,House,Federal,CA,Democrat,1974-03-03,1974,51,Gen X (13ers),unitedstates.io,Gen X (1961-1981)
Luz Maria Rivas,Representative,House,Federal,CA,Democrat,1974-02-06,1974,52,Gen X (13ers),unitedstates.io,Gen X (1961-1981)
Laura Syril Friedman,Representative,House,Federal,CA,Democrat,1966-12-03,1966,59,Gen X (13ers),unitedstates.io,Gen X (1961-1981)
Derek Truyen Tran,Representative,House,Federal,CA,Democrat,1980-12-22,1980,45,Gen X (13ers),unitedstates.io,Gen X (1961-1981)
Dave Kunnghee Min,Representative,House,Federal,CA,Democrat,1976-03-05,1976,49,Gen X (13ers),unitedstates.io,Gen X (1961-1981)
Jeff Stephen Hurd,Representative,House,Federal,CO,Republican,1979-08-15,1979,46,Gen X (13ers),unitedstates.io,Gen X (1961-1981)
Jeff George Crank,Representative,House,Federal,CO,Republican,1967-01-28,1967,59,Gen X (13ers),unitedstates.io,Gen X (1961-1981)
Gabe Evans,Representative,House,Federal,CO,Republican,1986-07-28,1986,39,Millennial Generation,unitedstates.io,Millennial (1982-2005)
Sarah Elizabeth McBride,Representative,House,Federal,DE,Democrat,1990-08-09,1990,35,Millennial Generation,unitedstates.io,Millennial (1982-2005)
Mike John Haridopolos,Representative,House,Federal,FL,Republican,1970-03-15,1970,55,Gen X (13ers),unitedstates.io,Gen X (1961-1981)
Brian Timothy Jack,Representative,House,Federal,GA,Republican,1988-02-17,1988,38,Millennial Generation,unitedstates.io,Millennial (1982-2005)
Jefferson Scott Shreve,Representative,House,Federal,IN,Republican,1965-09-24,1965,60,Gen X (13ers),unitedstates.io,Gen X (1961-1981)
Mark Messmer,Representative,House,Federal,IN,Republican,1967-12-16,1967,58,Gen X (13ers),unitedstates.io,Gen X (1961-1981)
Derek Larkin Schmidt,Representative,House,Federal,KS,Republican,1968-01-23,1968,58,Gen X (13ers),unitedstates.io,Gen X (1961-1981)
Johnny Anthony Olszewski,Representative,House,Federal,MD,Democrat,1982-09-10,1982,43,Millennial Generation,unitedstates.io,Millennial (1982-2005)
Sarah Kelly Elfreth,Representative,House,Federal,MD,Democrat,1988-09-09,1988,37,Millennial Generation,unitedstates.io,Millennial (1982-2005)
April Lynn McClain Delaney,Representative,House,Federal,MD,Democrat,1964-05-28,1964,61,Gen X (13ers),unitedstates.io,Gen X (1961-1981)
Tom More Barrett,Representative,House,Federal,MI,Republican,1981-04-30,1981,44,Gen X (13ers),unitedstates.io,Gen X (1961-1981)
Kristen Lee McDonald Rivet,Representative,House,Federal,MI,Democrat,1970-07-11,1970,55,Gen X (13ers),unitedstates.io,Gen X (1961-1981)
Kelly Louise Morrison,Representative,House,Federal,MN,Democrat,1969-02-02,1969,57,Gen X (13ers),unitedstates.io,Gen X (1961-1981)
Wesley Jonell-Cleavon Bell,Representative,House,Federal,MO,Democrat,1974-11-05,1974,51,Gen X (13ers),unitedstates.io,Gen X (1961-1981)
Robert F. Onder,Representative,House,Federal,MO,Republican,1962-01-06,1962,64,Gen X (13ers),unitedstates.io,Gen X (1961-1981)
Kimberlyn Kay King-Hinds,Representative,House,Federal,MP,Republican,1975-04-10,1975,50,Gen X (13ers),unitedstates.io,Gen X (1961-1981)
Troy Bryan Downing,Representative,House,Federal,MT,Republican,1967-03-04,1967,58,Gen X (13ers),unitedstates.io,Gen X (1961-1981)
Addison Parker McDowell,Representative,House,Federal,NC,Republican,1994-01-21,1994,32,Millennial Generation,unitedstates.io,Millennial (1982-2005)
Mark Everette Harris,Representative,House,Federal,NC,Republican,1966-04-24,1966,59,Gen X (13ers),unitedstates.io,Gen X (1961-1981)
Pat Harrigan,Representative,House,Federal,NC,Republican,1987-06-21,1987,38,Millennial Generation,unitedstates.io,Millennial (1982-2005)
Brad Knott,Representative,House,Federal,NC,Republican,1986-04-17,1986,39,Millennial Generation,unitedstates.io,Millennial (1982-2005)
Tim Keith Moore,Representative,House,Federal,NC,Republican,1970-10-02,1970,55,Gen X (13ers),unitedstates.io,Gen X (1961-1981)
Julie Ann Fedorchak,Representative,House,Federal,ND,Republican,1968-09-28,1968,57,Gen X (13ers),unitedstates.io,Gen X (1961-1981)
Maggie Vivian Goodlander,Representative,House,Federal,NH,Democrat,1986-11-04,1986,39,Millennial Generation,unitedstates.io,Millennial (1982-2005)
Herbert Clark Hoover Conaway,Representative,House,Federal,NJ,Democrat,1963-01-30,1963,63,Gen X (13ers),unitedstates.io,Gen X (1961-1981)
Nellie Avila Pou,Representative,House,Federal,NJ,Democrat,1956-05-20,1956,69,Baby Boom Generation,unitedstates.io,Boomer (1943-1960)
Laura Anne Gillen,Representative,House,Federal,NY,Democrat,1969-07-10,1969,56,Gen X (13ers),unitedstates.io,Gen X (1961-1981)
George Stephen Latimer,Representative,House,Federal,NY,Democrat,1953-11-22,1953,72,Baby Boom Generation,unitedstates.io,Boomer (1943-1960)
Josh Paul Riley,Representative,House,Federal,NY,Democrat,1981-01-21,1981,45,Gen X (13ers),unitedstates.io,Gen X (1961-1981)
John W. Mannion,Representative,House,Federal,NY,Democrat,1968-07-08,1968,57,Gen X (13ers),unitedstates.io,Gen X (1961-1981)
David J. Taylor,Representative,House,Federal,OH,Republican,1969-11-16,1969,56,Gen X (13ers),unitedstates.io,Gen X (1961-1981)
Maxine Elizabeth Dexter,Representative,House,Federal,OR,Democrat,1972-12-05,1972,53,Gen X (13ers),unitedstates.io,Gen X (1961-1981)
Janelle S. Bynum,Representative,House,Federal,OR,Democrat,1975-01-31,1975,51,Gen X (13ers),unitedstates.io,Gen X (1961-1981)
Ryan Edward Mackenzie,Representative,House,Federal,PA,Republican,1982-08-03,1982,43,Millennial Generation,unitedstates.io,Millennial (1982-2005)
Robert P. Bresnahan,Representative,House,Federal,PA,Republican,1990-04-22,1990,35,Millennial Generation,unitedstates.io,Millennial (1982-2005)
Pablo José Hernández Rivera,Representative,House,Federal,PR,Democrat,1991-05-11,1991,34,Millennial Generation,unitedstates.io,Millennial (1982-2005)
Sheri Lynn Biggs,Representative,House,Federal,SC,Republican,1970-03-28,1970,55,Gen X (13ers),unitedstates.io,Gen X (1961-1981)
Craig A. Goldman,Representative,House,Federal,TX,Republican,1968-10-03,1968,57,Gen X (13ers),unitedstates.io,Gen X (1961-1981)
Brandon Gene Gill,Representative,House,Federal,TX,Republican,1994-02-26,1994,32,Millennial Generation,unitedstates.io,Millennial (1982-2005)
Julie Elizabeth Johnson,Representative,House,Federal,TX,Democrat,1966-05-02,1966,59,Gen X (13ers),unitedstates.io,Gen X (1961-1981)
Mike Steven Kennedy,Representative,House,Federal,UT,Republican,1969-02-02,1969,57,Gen X (13ers),unitedstates.io,Gen X (1961-1981)
John J. McGuire,Representative,House,Federal,VA,Republican,1968-08-24,1968,57,Gen X (13ers),unitedstates.io,Gen X (1961-1981)
Eugene Simon Vindman,Representative,House,Federal,VA,Democrat,1975-06-06,1975,50,Gen X (13ers),unitedstates.io,Gen X (1961-1981)
Suhas Subramanyam,Representative,House,Federal,VA,Democrat,1986-09-26,1986,39,Millennial Generation,unitedstates.io,Millennial (1982-2005)
Michael James Baumgartner,Representative,House,Federal,WA,Republican,1975-12-13,1975,50,Gen X (13ers),unitedstates.io,Gen X (1961-1981)
Emily Elissa Randall,Representative,House,Federal,WA,Democrat,1985-10-30,1985,40,Millennial Generation,unitedstates.io,Millennial (1982-2005)
Riley M. Moore,Representative,House,Federal,WV,Republican,1980-07-01,1980,45,Gen X (13ers),unitedstates.io,Gen X (1961-1981)
Jim Conley Justice,Senator,Senate,Federal,WV,Republican,1951-04-27,1951,74,Baby Boom Generation,unitedstates.io,Boomer (1943-1960)
Jon Allen Husted,Senator,Senate,Federal,OH,Republican,1967-08-25,1967,58,Gen X (13ers),unitedstates.io,Gen X (1961-1981)
Ashley Brooke Moody,Senator,Senate,Federal,FL,Republican,1975-03-28,1975,50,Gen X (13ers),unitedstates.io,Gen X (1961-1981)
Jimmy Theo Patronis,Representative,House,Federal,FL,Republican,1972-04-13,1972,53,Gen X (13ers),unitedstates.io,Gen X (1961-1981)
Randall Adam Fine,Representative,House,Federal,FL,Republican,1974-04-20,1974,51,Gen X (13ers),unitedstates.io,Gen X (1961-1981)
James R. Walkinshaw,Representative,House,Federal,VA,Democrat,1982-10-22,1982,43,Millennial Generation,unitedstates.io,Millennial (1982-2005)
Adelita S. Grijalva,Representative,House,Federal,AZ,Democrat,1970-10-30,1970,55,Gen X (13ers),unitedstates.io,Gen X (1961-1981)
Matt Van Epps,Representative,House,Federal,TN,Republican,1983-03-29,1983,42,Millennial Generation,unitedstates.io,Millennial (1982-2005)
Christian Dashaun Menefee,Representative,House,Federal,TX,Democrat,1988-04-18,1988,37,Millennial Generation,unitedstates.io,Millennial (1982-2005)
Kay Ivey,Governor,N/A,State,AL,Republican,1944-10-15,1944,81,Baby Boom Generation,Ballotpedia/Wikipedia,Boomer (1943-1960)
Mike Dunleavy,Governor,N/A,State,AK,Republican,1964-05-10,1964,61,Gen X (13ers),Ballotpedia/Wikipedia,Gen X (1961-1981)
Katie Hobbs,Governor,N/A,State,AZ,Democrat,1968-03-25,1968,57,Gen X (13ers),Ballotpedia/Wikipedia,Gen X (1961-1981)
Sarah Huckabee Sanders,Governor,N/A,State,AR,Republican,1982-08-13,1982,43,Millennial Generation,Ballotpedia/Wikipedia,Millennial (1982-2005)
Gavin Newsom,Governor,N/A,State,CA,Democrat,1967-10-10,1967,58,Gen X (13ers),Ballotpedia/Wikipedia,Gen X (1961-1981)
Jared Polis,Governor,N/A,State,CO,Democrat,1975-05-12,1975,50,Gen X (13ers),Ballotpedia/Wikipedia,Gen X (1961-1981)
Ned Lamont,Governor,N/A,State,CT,Democrat,1954-01-03,1954,72,Baby Boom Generation,Ballotpedia/Wikipedia,Boomer (1943-1960)
Matt Meyer,Governor,N/A,State,DE,Democrat,1976-01-01,1976,50,Gen X (13ers),Ballotpedia/Wikipedia,Gen X (1961-1981)
Ron DeSantis,Governor,N/A,State,FL,Republican,1978-09-14,1978,47,Gen X (13ers),Ballotpedia/Wikipedia,Gen X (1961-1981)
Brian Kemp,Governor,N/A,State,GA,Republican,1963-11-02,1963,62,Gen X (13ers),Ballotpedia/Wikipedia,Gen X (1961-1981)
Josh Green,Governor,N/A,State,HI,Democrat,1970-08-16,1970,55,Gen X (13ers),Ballotpedia/Wikipedia,Gen X (1961-1981)
Brad Little,Governor,N/A,State,ID,Republican,1954-02-15,1954,72,Baby Boom Generation,Ballotpedia/Wikipedia,Boomer (1943-1960)
JB Pritzker,Governor,N/A,State,IL,Democrat,1965-01-19,1965,61,Gen X (13ers),Ballotpedia/Wikipedia,Gen X (1961-1981)
Mike Braun,Governor,N/A,State,IN,Republican,1954-03-24,1954,71,Baby Boom Generation,Ballotpedia/Wikipedia,Boomer (1943-1960)
Kim Reynolds,Governor,N/A,State,IA,Republican,1959-08-04,1959,66,Baby Boom Generation,Ballotpedia/Wikipedia,Boomer (1943-1960)
Laura Kelly,Governor,N/A,State,KS,Democrat,1950-01-05,1950,76,Baby Boom Generation,Ballotpedia/Wikipedia,Boomer (1943-1960)
Andy Beshear,Governor,N/A,State,KY,Democrat,1977-11-29,1977,48,Gen X (13ers),Ballotpedia/Wikipedia,Gen X (1961-1981)
Jeff Landry,Governor,N/A,State,LA,Republican,1970-06-16,1970,55,Gen X (13ers),Ballotpedia/Wikipedia,Gen X (1961-1981)
Janet Mills,Governor,N/A,State,ME,Democrat,1947-12-31,1947,78,Baby Boom Generation,Ballotpedia/Wikipedia,Boomer (1943-1960)
Wes Moore,Governor,N/A,State,MD,Democrat,1978-10-15,1978,47,Gen X (13ers),Ballotpedia/Wikipedia,Gen X (1961-1981)
Maura Healey,Governor,N/A,State,MA,Democrat,1971-02-08,1971,55,Gen X (13ers),Ballotpedia/Wikipedia,Gen X (1961-1981)
Gretchen Whitmer,Governor,N/A,State,MI,Democrat,1971-08-23,1971,54,Gen X (13ers),Ballotpedia/Wikipedia,Gen X (1961-1981)
Tim Walz,Governor,N/A,State,MN,Democrat,1964-04-06,1964,61,Gen X (13ers),Ballotpedia/Wikipedia,Gen X (1961-1981)
Tate Reeves,Governor,N/A,State,MS,Republican,1974-06-05,1974,51,Gen X (13ers),Ballotpedia/Wikipedia,Gen X (1961-1981)
Mike Kehoe,Governor,N/A,State,MO,Republican,1966-01-01,1966,60,Gen X (13ers),Ballotpedia/Wikipedia,Gen X (1961-1981)
Greg Gianforte,Governor,N/A,State,MT,Republican,1961-04-17,1961,64,Gen X (13ers),Ballotpedia/Wikipedia,Gen X (1961-1981)
Jim Pillen,Governor,N/A,State,NE,Republican,1957-09-07,1957,68,Baby Boom Generation,Ballotpedia/Wikipedia,Boomer (1943-1960)
Joe Lombardo,Governor,N/A,State,NV,Republican,1967-07-01,1967,58,Gen X (13ers),Ballotpedia/Wikipedia,Gen X (1961-1981)
Kelly Ayotte,Governor,N/A,State,NH,Republican,1968-06-27,1968,57,Gen X (13ers),Ballotpedia/Wikipedia,Gen X (1961-1981)
Phil Murphy,Governor,N/A,State,NJ,Democrat,1967-08-16,1967,58,Gen X (13ers),Ballotpedia/Wikipedia,Gen X (1961-1981)
Michelle Lujan Grisham,Governor,N/A,State,NM,Democrat,1959-10-24,1959,66,Baby Boom Generation,Ballotpedia/Wikipedia,Boomer (1943-1960)
Kathy Hochul,Governor,N/A,State,NY,Democrat,1958-08-27,1958,67,Baby Boom Generation,Ballotpedia/Wikipedia,Boomer (1943-1960)
Josh Stein,Governor,N/A,State,NC,Democrat,1973-12-09,1973,52,Gen X (13ers),Ballotpedia/Wikipedia,Gen X (1961-1981)
Kelly Armstrong,Governor,N/A,State,ND,Republican,1979-10-08,1979,46,Gen X (13ers),Ballotpedia/Wikipedia,Gen X (1961-1981)
Mike DeWine,Governor,N/A,State,OH,Republican,1947-01-05,1947,79,Baby Boom Generation,Ballotpedia/Wikipedia,Boomer (1943-1960)
Kevin Stitt,Governor,N/A,State,OK,Republican,1973-12-28,1973,52,Gen X (13ers),Ballotpedia/Wikipedia,Gen X (1961-1981)
Tina Kotek,Governor,N/A,State,OR,Democrat,1968-05-27,1968,57,Gen X (13ers),Ballotpedia/Wikipedia,Gen X (1961-1981)
Josh Shapiro,Governor,N/A,State,PA,Democrat,1973-06-23,1973,52,Gen X (13ers),Ballotpedia/Wikipedia,Gen X (1961-1981)
Daniel McKee,Governor,N/A,State,RI,Democrat,1948-05-17,1948,77,Baby Boom Generation,Ballotpedia/Wikipedia,Boomer (1943-1960)
Henry McMaster,Governor,N/A,State,SC,Republican,1947-05-27,1947,78,Baby Boom Generation,Ballotpedia/Wikipedia,Boomer (1943-1960)
Kristi Noem,Governor,N/A,State,SD,Republican,1971-11-30,1971,54,Gen X (13ers),Ballotpedia/Wikipedia,Gen X (1961-1981)
Bill Lee,Governor,N/A,State,TN,Republican,1959-10-09,1959,66,Baby Boom Generation,Ballotpedia/Wikipedia,Boomer (1943-1960)
Greg Abbott,Governor,N/A,State,TX,Republican,1957-11-13,1957,68,Baby Boom Generation,Ballotpedia/Wikipedia,Boomer (1943-1960)
Spencer Cox,Governor,N/A,State,UT,Republican,1975-07-11,1975,50,Gen X (13ers),Ballotpedia/Wikipedia,Gen X (1961-1981)
Phil Scott,Governor,N/A,State,VT,Republican,1958-01--1,1958,68,Baby Boom Generation,Ballotpedia/Wikipedia,Boomer (1943-1960)
Glenn Youngkin,Governor,N/A,State,VA,Republican,1966-12-09,1966,59,Gen X (13ers),Ballotpedia/Wikipedia,Gen X (1961-1981)
Bob Ferguson,Governor,N/A,State,WA,Democrat,1969-02-23,1969,57,Gen X (13ers),Ballotpedia/Wikipedia,Gen X (1961-1981)
Patrick Morrisey,Governor,N/A,State,WV,Republican,1971-03-10,1971,54,Gen X (13ers),Ballotpedia/Wikipedia,Gen X (1961-1981)
Tony Evers,Governor,N/A,State,WI,Democrat,1951-11-05,1951,74,Baby Boom Generation,Ballotpedia/Wikipedia,Boomer (1943-1960)
Mark Gordon,Governor,N/A,State,WY,Republican,1957-06-20,1957,68,Baby Boom Generation,Ballotpedia/Wikipedia,Boomer (1943-1960)
